{"0.25054958995083565":{"user_id":2},"0.5624489826356527":{"user_id":2},"0.9578163361497971":{"user_id":2}}